er,el
0.004721789564865377,0.005851283090756608
0.10624818669033656,0.10757310806457417
0.09350978263459761,0.10953010766362252
0.16766305798955086,0.06667822119727526
0.10476132890170309,0.07653946761304208
0.08733504826579613,0.07409707258960602
0.05703205508576548,0.07576268141992448
0.037954094711409564,0.06222829361078054
0.030843234080334847,0.027287401798435088
0.019424583443154356,0.03729456022783962
0.01892302495389949,0.0307277466074894
0.03410006947395178,0.018687611665275515
0.01841517696859165,0.023451317672661832
0.02814794634933069,0.019907967753852628
0.011857687640212028,0.025513994510807516
0.007609710557159,0.020192121615312916
0.014071823002724325,0.01889632100840237
0.009136817329624724,0.013847021591301151
0.012298574162623492,0.01075998250330289
0.012948580634896931,0.013089876321168925
0.013858129958620907,0.014970819764775723
0.015659060707115386,0.012185728511395131
0.02020393925090095,0.04805518511416186
0.0065020861650358,0.024721162177426526
0.0038167933551630133,0.024782887282338777
0.0023415292819924946,0.023280903565882076
0.008201267564699497,0.013831292726599439
0.024796291735770266,0.02723385306620437
0.008433907261734267,0.013924654904454698
0.013971512429195471,0.013455551701028787
0.009874353270942313,0.013931237464317653
0.023941455857930796,0.021072298495476646
0.017044231543035332,0.022721433548153046
0.014251051445401616,0.021343987265362702
0.00496119207564347,0.020422178182848947
0.008590607289379071,0.023498132240363432
0.0075920416647754715,0.0267996039666251
0.06427288177226169,0.03078957675969085
0.013594626148107964,0.022191406156574996
0.014242928537010114,0.021061177667217084
0.012733567934228855,0.02642032628148412
0.005441245064273556,0.02168341026440673
0.0025833463597046734,0.01880822702888014
0.008990690520242602,0.02091629406847646
0.005753641992829146,0.02259749180871646
0.008335301110848682,0.020621439297430783
0.008922494000603227,0.020567153945917727
0.005472711458591187,0.022507536758019524
0.011914271787467658,0.0164863944390541
0.010419717632300055,0.018297905664367283
0.007117796249882087,0.023969728761085184
0.005724137041437311,0.021187050038230293
0.011761280244147658,0.017089542213181645
0.007949852445235274,0.024077139916375032
0.010437639101054847,0.024902428931522478
0.008101878465980844,0.020437130522658626
0.010866194688083025,0.02247616576336131
0.010090191801430733,0.026576252231674678
0.006332800402257587,0.023224399634318903
0.008591283608730002,0.017314116533910358
0.006654966802602144,0.02735720031855882
0.0050437851283820926,0.018378481997742308
0.008414027725807623,0.01686020827199529
0.013612487062527857,0.026429701767259374
0.012344344430694132,0.021226226148368766
0.007900045155924993,0.01819489446261168
0.003341218408101271,0.016544421677982223
0.007403768774097475,0.02076782990695094
0.03669245774732611,0.025875030983755144
0.01750898516679389,0.02149187490994851
0.015339250252948605,0.02141588794044614
0.021437614984932782,0.026067244120115636
0.012410632874382444,0.018289549530532783
0.020544309276305486,0.02630557985157908
0.017550021905823304,0.031158686408860044
0.011933470458035396,0.02004233521276817
0.018127894942755452,0.026530868768275866
0.016273608907644097,0.02262391319476962
0.02576378265472431,0.029559065120720988
0.023650326343622425,0.024381778887973063
0.016096316283908743,0.018885901883371723
0.010391707054966138,0.023962152273272072
0.013789369436413087,0.02782584767446006
0.015715040292672965,0.018996456938809452
0.01583269241101861,0.024104019494007676
0.010620046435389776,0.02480861288279679
0.003674562497936948,0.025344437954234002
0.001035122053600298,0.02071918435003944
0.0054013309061499756,0.022852825695544574
0.014303308732079282,0.03302437360770081
0.013981263694495231,0.027415207452146182
0.011444459047653902,0.026424401645196036
0.011629074819122768,0.029574514366104893
0.025723917103841202,0.032681898711634495
0.024725119957322534,0.02772886339091309
0.02312259463611339,0.025991402550217868
0.009607441956228261,0.023960400489553235
0.007891030769926945,0.023705327798132805
0.013864681754618392,0.02660699520724832
0.011876811218135901,0.03203194838614855
0.012678889871460096,0.02417078436692432
0.023164574065597437,0.025493095491148296
0.023159333658525575,0.029267041440824915
0.01808621017394049,0.03173563393890089
0.015630529344315646,0.029979518431304815
0.025011717733872327,0.031382383953507245
0.018946038348380764,0.0336696294637931
0.02173530375456718,0.025897167380094496
0.010711063946873252,0.02487247792391178
0.02033510607337,0.033109875498484445
0.02176485889293571,0.03218739939391887
0.024603092528100723,0.030295557736716702
0.024248680187542466,0.02650853585755191
0.01723206997956169,0.02780282196207421
0.009706395549118858,0.0208280911706697
0.013127740930247477,0.028550315549988298
0.01882748454456056,0.03237802117722666
0.056313381953210194,0.01916942977044252
0.028218589853047843,0.018369195752784454
0.0309765195435078,0.020805527548434073
0.01845057565951717,0.017747589953208458
0.018270189291890126,0.025514979025993943
0.03096531059019865,0.005282441287064045
0.028485179536115186,0.03175885909866568
0.024062554483435344,0.034295076803096125
0.029696100324339683,0.029266754266700664
0.018977407975972187,0.0313241146913119
0.024769655533418332,0.03044274471286839
0.0340963901624098,0.031579858843453504
0.060471506613452,0.013248907946736265
0.03588652626904982,0.023753008242833724
0.03667853000804333,0.015165131496129906
0.03435181339433182,0.024012186496533652
0.03752857789505593,0.023721315680819706
0.030204273573622736,0.02255068471935725
0.026617652663745012,0.016095386584521986
0.03454606342978403,0.030635203883430738
0.03385102893560953,0.026719672735729307
0.03453118825428525,0.023627787819873063
0.03762199106512822,0.028946266903616808
0.03247140231186814,0.02993512924263523
0.03326089352301573,0.025744040543581388
0.03417412919501661,0.018764710498747512
0.037805675047722434,0.021017226134856647
0.03703552827221853,0.011870367923546569
0.030324686056959756,0.013319042471016552
0.037274824375412095,0.023503872429492527
0.049012218122173094,0.004060714979468259
0.04143546013491125,0.016607278884439112
0.034703064877524704,0.015222190123959152
0.03219809616115525,0.026474781559155555
0.032047233910072366,0.02444577934289286
0.032380231462279065,0.030936112069527993
0.028811564019522326,0.029694650434972186
0.033897816796079436,0.022887827268078358
0.03900291565651797,0.030600269736204524
0.03201884118509032,0.03755771314345659
0.02927975203693244,0.03738329694942427
0.03113411741027861,0.03574213545812431
0.03129354887905471,0.027778764760563495
0.029751186005018547,0.023241265380805485
0.029337970109064575,0.023934742610626194
0.03291403559604944,0.018898335358288106
0.031051018892331226,0.018335957230442453
0.035521693859566654,0.028308456778289897
0.04758122603595402,0.0017195112663022894
0.039614425885434644,0.02351125192228165
0.03980634949855223,0.022905782955165432
0.025110862321269984,0.018363880123995507
0.029822488208821826,0.017233276994273
0.025706587041257164,0.023074155688469596
0.02902063975481994,0.028730391657650074
0.07175420309624068,0.0060479407249553925
0.04571729439627348,0.021818971784334503
0.026479517475213175,0.022373466032718718
0.030891023028205285,0.027160564752767815
0.021668987565229985,0.025858041085128507
0.03689476246506349,0.027574668758947107
0.06358829337271311,0.00128772514085988
0.04150793294240067,0.026678203687968343
0.03352175843678692,0.02370137803863481
0.02182716233043293,0.020691835869202972
0.025464636411217243,0.01953812000760539
0.028555286909162963,0.019301511805198242
0.027403531633499026,0.020880128695658164
0.031581352987553164,0.01882707003168844
0.06079063566468624,0.003387109950132794
0.04171259375645952,0.028070896340598204
0.032380114243886676,0.016588217083769872
0.02589501323146054,0.019665491061448014
0.022572868804458586,0.011051532357651554
0.03819319489749887,0.032378810094210356
0.06285044803622582,0.00762560218641059
0.04536758096643147,0.020183113104228774
0.03503186237663645,0.012349312624015906
0.027790508743836848,0.011078431218514479
0.02378137640775284,0.0056978200049068355
0.03567654440608625,0.022070725591044154
0.07139570095912089,0.024435595911037812
0.04507595972567907,0.010589043445557689
0.03740271291883083,0.01345808214790343
0.03273700133179812,0.008552623440516834
0.028186806034795134,0.0004541402274554022
0.023878927534705583,0.016077034048101676
0.0295630118131278,0.009771586402174539
0.02599551665191143,0.009658709662883094
0.02878250593701798,0.010929462073647256
0.02285926975769912,0.00420991766635957
0.022276798058561306,0.011457870870353184
0.032061888715978315,0.018193044228991942
0.03757501153815281,0.02028520816352207
0.037322128442842606,0.008854509638886128
0.04089505228915513,0.0109017205409201
0.03642918677679007,0.011280229664319503
0.0356906379746203,0.02492951960389624
0.06564854623187591,0.009417893787899211
0.07248801380119536,0.0066812702763396565
0.04343987084233466,0.012226645469806455
0.04608780514963006,0.013306574112384525
0.044227602475173905,0.016107404355008712
0.04040051372225194,0.014889943745480727
0.033258726821279366,0.01678451454107185
0.0340029203582583,0.00990773258794384
0.027283780859326832,0.01379322160337392
0.029451383852530027,0.007990842470275589
0.026619836158631248,0.011543479072302798
0.023241284361516273,0.008444120414836312
0.0254929912749605,0.01101567776855437
0.02732179077564538,0.007600970838273225
0.029468726422394013,0.01650309718597122
0.03276986963184675,0.020093022727577715
0.0403876028168613,0.024890251900914817
0.03649606305503149,0.018219683542260983
0.025400086713473012,0.013815976687191572
0.030278523689508088,0.013398058548095377
0.03602408442788443,0.014625830221071504
0.03644688310963201,0.01750737170761473
0.02717014827210539,0.027336803313325494
0.027076964549472886,0.01874745273745948
0.02314727131718316,0.01642270177927532
0.034976112064192315,0.02198227866025459
0.03985680745578184,0.017201473532413237
0.03651654431698895,0.01291387189125604
0.035232782871273675,0.014157212986044264
0.026314009402358843,0.015805344234876877
0.022691780368130868,0.014432042754259002
0.02853220662550192,0.01494393035184393
0.02955243522402361,0.004733212799094999
0.026569414583821567,0.01285465525849219
0.03689483159053583,0.016405596543856506
0.026866799314466505,0.011970132818288438
0.022470883772721894,0.009023703634135025
0.02511660246001041,0.0061215609724105694
0.03350369509045716,0.01581424643259571
0.039798105141959216,0.022021320727183446
0.04917704488552938,0.006604024974226009
0.04355249840828837,0.006238912101747592
0.035233175097152826,0.0053846189721242265
0.03626554484105929,0.00989142360047566
0.02849918393566448,0.008327852830701766
0.028846021676585384,0.007748572207468063
0.02875442859618755,0.009461170883219848
0.03212934346220874,0.016890509631051584
0.019604657227005513,0.017285926803691242
0.031082058246387812,0.009577887612601824
0.02495001242990447,0.008969323280168879
0.015637660920160425,0.0068455988871649704
0.01743126773348465,0.012109195316159609
0.019540777506528332,0.010735474930105945
0.01679297573317138,0.0030332665863470427
0.013397735852609666,0.004223054519902964
0.032742396980053726,0.012050111953593394
0.02671774076572037,0.011900578243000635
0.041762888238771785,0.015094244627436384
0.034987050418492587,0.011371343162200865
0.040493445453917594,0.005916379611362653
0.029371449725276676,0.004948329104909253
0.030225054603801024,0.002194756285076968
0.027233801735890326,0.00358503311180879
0.0340173468040261,0.002858628888238261
0.018706522410444137,0.0038271333191290027
0.023757134098840567,0.014050429584612445
0.06688100641227414,0.006479230882137053
0.0405556061403753,0.009308626246688856
0.0302702089718289,0.0057378825524468414
0.017840283239784486,0.00903294393764868
0.013250759993133712,0.0051857853300593835
0.014032231966802613,0.007329891711754228
0.01430215970359655,0.008421347766688545
0.01220095465690141,0.005224906423468919
0.012732658780399548,0.0035907878902709574
0.010931991525854534,0.005889396593880629
0.0069502619605679395,0.0056941906154297835
0.01934395491960178,0.014500013337640913
0.04293298780465387,0.012733416610323484
0.03394787229601974,0.010646377907726375
0.022142213989947666,0.014125479714916091
0.018524562691283643,0.007069359207488134
0.017637354854197287,0.004087024106744817
0.02467078710028563,0.0035778660065727027
0.030107328205956418,0.0040289035728284335
0.021258367560773834,0.006392594867714212
0.015821291424159216,0.003385041491128387
0.01443758371868066,0.0022358248436669436
0.014415186106652161,0.00868869079210883
0.0060223542025436136,0.008568088249493344
0.008110292799649407,0.0022720691515290027
0.016799137685988737,0.014683215301044716
0.012655017500522444,0.013078705277641961
0.04274529440179124,0.01007816419985317
0.023272747230016648,0.012591181492030411
0.027372519089480456,0.008716683861137452
0.024174522468066274,0.004648186958185202
0.03369110131312596,0.004086354878842606
0.018817717289325,0.0070281350337347975
0.022780742161986663,0.005410848998506646
0.020424688268575974,0.003078819461024411
0.020948567040105278,0.01679555269890456
0.01538410997157149,0.009843357240148173
0.012779587581376173,0.008194156156625389
0.02516470025579137,0.010176022830854567
0.05531681611058833,0.026251712489294973
0.06826375360350034,0.056846002138407174
0.05616945614794569,0.03194316811770972
0.0370599559733864,0.01877359707271293
0.040154377080034574,0.005846705578522598
0.033672072850059395,0.013254130830348418
0.03498709355231672,0.01582238519686192
0.040760748065652046,0.01495623986436662
0.0274004642407405,0.009921403383448591
0.028742144665823973,0.005031563151066384
0.01810295702428709,0.0112873291413184
0.014200006460753683,0.01099947954145994
0.014699248765683348,0.016598197706449994
0.037654493462715675,0.010304304117818032
0.07517689811675078,0.0173379640534977
0.03403272685149544,0.017707378192604036
0.027841673485182607,0.01073781980603972
0.02943815490976296,0.024952183173906798
0.018628772097856006,0.022729614176192736
0.024295744448117135,0.02279588736568296
0.019988542584040016,0.017724807084644134
0.018761284088753594,0.027072408142112207
0.022762051608245574,0.012947648835997376
0.014917829879977057,0.01775995379449243
0.011436898539752287,0.009170798875618067
0.02201017385062548,0.024785823162058053
0.053867602233761074,0.017174028334195096
0.024429310509511092,0.0231469982375638
0.030441989362699057,0.02338781722410451
0.011535476015228903,0.019574111707393493
0.026355743305712186,0.022879124172350884
0.006225570174927651,0.04065471700204303
0.005997855275617271,0.027162696826123368
0.0018559219678530455,0.013633528345832159
0.04589679286368913,0.04767060168182755
0.03530819339048043,0.051496472134280505
0.03085383182003341,0.037130853364414754
0.03422902931694343,0.03169039079212253
0.02520007236934379,0.012504852579076204
0.05784245157703481,0.04410444740698354
0.04429592515926131,0.07956851355022074
0.03073736082180212,0.05098925931720173
0.014814272506107133,0.029717114656568365
0.003815376738414708,0.02293159474361112
0.04777574885319785,0.04357743023235712
0.018506740503683866,0.0671119989967592
0.025783140340512743,0.045045050552050755
0.0047897389653744835,0.033369122247282994
0.009516758681706042,0.015357429541064239
0.0050868122861680645,0.0017356595397652777
0.011570569323692947,0.0008814458645845302
0.027471012214678823,0.009769990353517798
0.02226394493366398,0.018845537644870396
0.023666281067793615,0.020828206231686307
0.03163489002826365,0.01968464326118568
0.02541582006228038,0.014998463556900814
0.03181427284298353,0.018325697289186094
0.021166973402571024,0.022201786941710218
0.024277288393957663,0.019224005047434125
0.019097512201498506,0.026700918972354288
0.012486419553033616,0.02250628984542007
0.021821280440852093,0.03247854587949286
0.013375033493040036,0.036751220872043716
0.017497311561196556,0.031506393141748336
0.023512269464047646,0.028396221447877717
0.02106991628307484,0.01901844970604298
0.003283309194005614,0.018892814365545876
0.05146191777137834,0.04638942948299129
0.011690186088587936,0.07739975030465575
0.02241521692636418,0.06675047338885452
0.023166693005431366,0.043830669782701615
0.02172215326486017,0.041835153846488116
0.057294317706602024,0.049963438033208345
0.0010352629609278671,0.09553101371601756
0.033828508217695286,0.04790836587069625
0.023355658603037354,0.04708584364810158
0.05400945449147158,0.052668965888119396
0.034667865463398076,0.04484019409671045
0.03409863502685512,0.04782709883217426
0.01618150934958562,0.033458482538446806
0.04788182436548608,0.04664908264522171
0.03650118765476746,0.04663395350033788
0.021414323954059945,0.04093656098282831
0.017749396338952048,0.0322791636848786
0.09196477977035315,0.08083649347772891
0.07261699412291356,0.08749329945406303
0.04895782729400686,0.09103583284279419
0.05589563126714018,0.06872290794189173
0.03862175191465526,0.047460952105510705
0.05684049604125471,0.06917748060334379
0.06148044070838709,0.06950250584488214
0.06352624241996913,0.060005563989559814
0.04389511644403445,0.03510481268699615
0.034869242039573825,0.030074502609445265
0.029852599203780583,0.022910846406348072
0.029745580763538802,0.014734488023322544
0.06112707442655041,0.04023900661418363
0.012675207326920374,0.08903795272197942
0.03538278762126936,0.041879488620200876
0.03166742999488375,0.030444532800660673
0.017902123971472565,0.016862129827009964
0.05878146436231569,0.05282912444277168
0.049671077189062426,0.04811207773456026
0.039596080573128536,0.05449960884117373
0.039049380698170266,0.036274132578631185
0.07317643220659063,0.0764287740449954
0.08011308382827935,0.05782575347545926
0.05699361848130566,0.07997937774149066
0.05841051444518326,0.06161881290879132
0.045670345140263593,0.05229450070322338
0.03956895405849389,0.051481947545541196
0.03880938010823116,0.046019400621782725
0.03258759301444119,0.034867270686745756
0.04389222658065377,0.0327192388727404
0.0327705031538653,0.03484528950557388
0.02660570782215609,0.03862562912571527
0.053835563860984814,0.060556660697788665
0.02261951006668361,0.07595804797691642
0.04909343617097031,0.09342490426729576
0.03926685725589,0.062448533195002355
0.04356791672544534,0.06102338094001187
0.0324484911975643,0.054317048661962
0.03613294425528732,0.04780076379428217
0.04035112401591418,0.0456598524144141
0.02961107845852014,0.02482149011057151
0.03211119306769118,0.02508306775811593
0.018598058196130286,0.008413612276498799
0.046156452486183414,0.048221943516637264
0.020643740578712252,0.06761905915222714
0.04667656417149522,0.06421489656529057
0.04238142110165233,0.04800277807887652
0.03436932126524137,0.04555971493329053
0.02637293830030833,0.040610265028662336
0.034900617397471204,0.030690031533875128
0.032133932638873944,0.02832148653673934
0.038329352190896226,0.032798649652941055
0.03126200525231568,0.021701463735537444
0.05497120658950444,0.05698645908139114
0.033057289895110704,0.07275053660194705
0.044276513087330105,0.06654771744411282
0.03753618153411965,0.053764734438404245
0.036279521315431405,0.0640025539165329
0.03435525775825197,0.05242760550367483
0.03690505394288618,0.048815623335676475
0.038276431863075326,0.037840047803447005
0.03880092517092664,0.037045479980146824
0.03545911446201722,0.033768290464224644
0.023338135813571335,0.03707730376337296
0.019233610820077827,0.02563800782546219
0.0519008416873144,0.05857426216678152
0.026047306006547758,0.08755657247378243
0.04210166916971888,0.07521390809999438
0.04030719359878647,0.0677059739889623
0.03932522797894928,0.0663982469892842
0.03982558243291927,0.05815069660147415
0.03693301118083558,0.05513802167190378
0.028144205998605343,0.05434267428914987
0.021031288842722328,0.04909141038771403
0.04562083134532112,0.041904509256777196
0.025442872562246154,0.03217198992609528
0.013681283067218648,0.023906282830250633
0.0519608262498433,0.05016889095523978
0.026821497775069758,0.07054000573181582
0.052170434689963914,0.08579750348604143
0.04657165492758502,0.062078854786757245
0.04759429701711848,0.06424029306191446
0.04455353029729665,0.06158456813707445
0.042055451395130096,0.05573828019516835
0.039804763017916946,0.06352710235598193
0.03184690324298722,0.05642912237660597
0.027312130133564996,0.052369359127624845
0.016953814742286348,0.04597024346969661
0.014589333207715882,0.03684683450959206
0.017451130105786472,0.034572565539998115
0.04978293532944639,0.05451578069237548
0.030406293206988934,0.061412529257253136
0.03537959837653086,0.07964693104130545
0.03336935876146353,0.07152037282461668
0.03822296488061514,0.06814597022724297
0.03990754052606365,0.0675245681082917
0.03360114443030166,0.0707477058235218
0.029712987668984437,0.061365034450433044
0.03683916817252632,0.052389216195621244
0.023040189966945356,0.057970142617942755
0.023269274130923615,0.042649289400320305
0.03570234813692781,0.04303088706949119
0.011798278824941475,0.06683879981674956
0.038042960708797,0.06347022071651252
0.0308412751492279,0.05277267775387768
0.03531767681331039,0.05888463621228473
0.03059922587087823,0.05242808895613616
0.03153427613443556,0.04947006825122589
0.03446110272520254,0.050786284990722026
0.042327260718784926,0.05599314477932461
0.03789578051924653,0.05073105729603284
0.01371298137606705,0.0550917643253122
0.017115462905284592,0.05954210267269386
0.013691233333775468,0.051041601570543216
0.007916145664676444,0.04947006825122589
0.009750863648424094,0.05220619242903934
0.01795362062507834,0.04677862419082
0.0201971457923751,0.05088271711201351
0.01003506195320716,0.05250443062002608
0.011516419222752315,0.052034509051545774
0.010744737743668334,0.04677343840529676
0.020863501774004783,0.050796515858748996
0.015778332330145646,0.049619800332858885
0.019047402007763132,0.04574809224568814
0.010901188412403891,0.045995980685631814
0.011007095929862369,0.04303088706949119
0.005087657307402521,0.05098502365232475
0.010452898064178465,0.049314149515262
0.007809650164914275,0.05056033501122997
0.010359867313943935,0.05306645787740001
0.008144164686720676,0.050282397999544835
0.006486749266300478,0.04588075473523799
0.009097416618021732,0.054729412245569306
0.0031775918464664013,0.04385479568568019
0.006344472478737809,0.04462587500389128
0.00679462852987608,0.05595140660345775
0.004196030075347691,0.05316826134731382
0.014578499754464472,0.05280440992064766
0.014848467146081007,0.047258793692338125
0.005175430271755747,0.050432251002618826
0.004693876224911529,0.04806264783861385
0.007367525167478572,0.047258793692338125
0.008542017082789514,0.051583003185949446
0.009286240827007323,0.04510676123439192
0.006378658723926628,0.048473822130808635
0.006209861678650909,0.05450876519352514
0.01505516258226599,0.05056033501122997
0.008576187162193664,0.0465841465943457
0.004726249759641095,0.04924708113821741
0.010452898064178465,0.050282397999544835
0.011396035912220276,0.052672009372492855
0.0041393827701197775,0.04603730335683988
0.007265820762410447,0.04937225435622069
0.0070739165162149965,0.04167461770765333
0.00829536975167189,0.04161465629982825
0.007224802688962108,0.048250196814254576
0.005086030377777683,0.04743718865951273
0.007273916415750022,0.056980979788218186
0.010788251247936947,0.043117465667807005
0.012578054224866582,0.04974609586791318
0.006967201585674644,0.047618983170540696
0.007913590030352496,0.04507343416799621
0.019240535656440218,0.0434067532372954
0.010694891214160809,0.045776360072509
0.008269287771126352,0.04055803004950868
0.010359867313943935,0.049542221527789816
0.016444364901479575,0.051394516114142724
0.00395261736403746,0.05250443062002608
0.006932640343104423,0.05005004160473571
0.012144737090596467,0.05117133994021578
0.0029041450135544036,0.05065571713367252
0.010329250484544382,0.04717703845408457
0.011561243089571748,0.050763299212744924
0.011283805163905957,0.04337382274231103
0.0074182158537764165,0.05168817835510698
0.008207025418883098,0.044255080227140156
0.00655324025405508,0.040171433559650374
0.004640447578770425,0.04613939744251538
0.009902152433728696,0.04739779251400289
0.011356031646229562,0.04721721590609463
0.011007095929862369,0.04632622712446494
0.010161119832358921,0.04799273452823498
0.005979465624895044,0.05298533404605547
0.012320365688791872,0.049436060998832174
0.00620271893508621,0.048184671902648496
0.008206600089286826,0.04680717534259528
0.006550233313544111,0.0427773085661382
0.005478499126236799,0.054024141165566864
0.012719676842503181,0.04555445776226089
0.00395261736403746,0.040816578641354934
0.0054757422311189395,0.05166732440232317
0.0074154721046926966,0.043630539553728746
0.0056304723945871885,0.04307430477048455
0.016186770608735284,0.04613939744251538
0.00927335490906759,0.04791770425794427
0.010452898064178465,0.04417354538902922
0.009130582006900874,0.04366421448612973
0.017903433963090288,0.04600390262462847
0.013896845869448452,0.04932070180837707
0.009383958373189937,0.05154272861115525
0.010608334453539961,0.04817808936910233
0.008101239479867085,0.04784345503327428
0.01243170042393244,0.050360947871514725
0.010071218815683609,0.04331286474126995
0.01548683318175338,0.04865860878991741
0.013896845869448452,0.04433612073716427
0.009614995108038966,0.0560549973366317
0.007681643816831292,0.05054196126533299
0.0046651734196668185,0.0480269767764797
0.005185486720570994,0.051449012895847406
0.007524793439279883,0.05069024016889261
0.007326923099908667,0.04880230319024356
0.0059682827909073415,0.040780297123994315
0.002849317321998286,0.04433612073716427
0.005674643487513754,0.05390869073633944
0.011642736369208342,0.04921234055858032
0.01641817918262395,0.05194704087444065
0.009156554834956511,0.05274106353984264
0.005766453745042859,0.04610327011602786
0.005432709807590718,0.05050405796826243
0.008703474909262748,0.04555721369468189
0.0111078168242384,0.041814883027234996
0.005736715231560374,0.05214777817881717
0.00455787584917574,0.04584531155185454
0.009782806314788743,0.044785802289497155
0.009173285927906432,0.04767286313115562
0.010872744372107213,0.05547049219638079
0.009674866331389875,0.05150372927446043
0.012108705326271719,0.04057528745871664
0.01731452659427148,0.051449012895847406
0.00725904181396126,0.04065248333566232
0.01371298137606705,0.04547564945797357
0.014365939106122954,0.0475817777131647
0.010694891214160809,0.05346626990544864
0.006049992617829834,0.051071997049472934
0.005357919173298781,0.044849428470083864
0.008866277095465747,0.04947006825122589
0.005948580911979562,0.04029982664636299
0.012000706086677655,0.045399999059076004
0.012320365688791872,0.04743718865951273
0.013270898256076124,0.048989011725684914
0.01530676183051503,0.05306645787740001
0.015219592852242784,0.05202356149795118
0.017170780744356257,0.04153780657293498
0.009383958373189937,0.0491391799264741
0.009782806314788743,0.05062254968843224
0.011283805163905957,0.04438293416259169
0.0054674332146309864,0.04751167030644037
0.007592963068320792,0.047563719078912846
0.007809650164914275,0.045658688035486776
0.01135231892949006,0.045159012663940075
0.010050895126212682,0.049619800332858885
0.009750863648424094,0.048184671902648496
0.015778332330145646,0.05413042669504044
0.01039064387533509,0.04909384023400157
0.009422951222851332,0.058631420401569045
0.007707289898683607,0.04804370852266147
0.009286240827007323,0.059720631863909475
0.006049992617829834,0.05066350649442479
0.010191884265169366,0.05092508975311317
0.0038958579309131347,0.04671044970054121
0.011898336725087359,0.04369948476542814
0.013179367303000001,0.046080057140975496
0.01116846003195311,0.041814883027234996
0.016082048485760815,0.04507343416799621
0.005190906676866099,0.06264693026120934
0.014102324134829801,0.050786284990722026
0.020634155141032774,0.048184671902648496
0.005732789182715006,0.04610327011602786
0.012781809354716773,0.05150372927446043
0.010166632251326867,0.0579798125771392
0.012790476840574746,0.05220619242903934
0.0037318287174000274,0.05505611135982061
0.008994800921810885,0.054729412245569306
0.009280723370551837,0.04491928693887755
0.004627670376493478,0.050100467647584065
0.006740612466323344,0.045178024501568
0.014380541646601073,0.047616073475412114
0.005921120149074403,0.04791770425794427
0.005792940835746267,0.05290916113742663
0.0042568156608582,0.04840980270011806
0.0072569567274448415,0.04917899841950001
0.008881036883735517,0.05520954035724713
0.011177982017779513,0.04917899841950001
0.015400387066666217,0.04042642025261173
0.00949465413110987,0.04373633415118664
0.012066189795319083,0.05631425611697501
0.006209861678650909,0.04603550762057663
0.005323419549215584,0.04455534025996076
0.008980289346537114,0.04369948476542814
0.009152741513987244,0.05399122412487686
0.006757998623496133,0.05509267595495501
0.005755805037364074,0.047030631155785846
0.0043746960241152055,0.05065571713367252
0.005692220090724416,0.043255879623656686
0.013151650328865694,0.04055803004950868
0.0060965468808410386,0.04854355285092051
0.009902152433728696,0.039495017786812095
0.01483593924315844,0.05328610597926102
0.00800523709282989,0.03642198395228509
0.008500515308775136,0.04735981153706905
0.01136336046056816,0.04422105681057418
0.015215151483196226,0.04636155166969403
0.011684457378783335,0.04329447683624713
0.012038636867081936,0.052356851589463384
0.00678032259135768,0.048219330835583496
0.005692220090724416,0.05309593131303727
0.008025200046439182,0.043922017105581544
0.011642736369208342,0.043376347285309876
0.008890292299358506,0.05476292577967595
0.013896933573716533,0.050109513703883175
0.006570010019310969,0.05380046226534582
0.008546024056402512,0.03553483136977328
0.008438368477661789,0.045338549018695766
0.0067702328814649776,0.04323392439752016
0.007996665472457807,0.05573169500442168
0.008613107854990195,0.04613939744251538
0.00708620090092324,0.054472489940981035
0.009670488812138214,0.042925935739138825
0.014578499754464472,0.04584531155185454
0.016165656543814414,0.05120712899274833
0.006958920251558509,0.05298533404605547
0.018337775934855693,0.04744739794569312
0.010319175594139985,0.052656028523650984
0.007191062918720361,0.05092508975311317
0.006348978699610767,0.0488788892860483
0.012514556764381495,0.04519660373027786
0.0060232665213464775,0.05490925423334899
0.005563428040419296,0.053589451413100786
0.016903172392073673,0.040816578641354934
0.00927335490906759,0.04495651418195463
0.0062264968040020175,0.04603730335683988
0.006348978699610767,0.047958339935057985
0.010359867313943935,0.04026508132429625
0.009750863648424094,0.04939974821451936
0.011173651478008775,0.04747879750588304
0.006309915780266034,0.04880230319024356
0.009201037012252188,0.04680717534259528
0.007954767376245205,0.04314963996019542
0.0074154721046926966,0.0475653433682502
0.0029585897218676505,0.04613939744251538
0.0037318287174000274,0.04612422640572573
0.008253854460871733,0.053649332767620656
0.006399298064694233,0.048184671902648496
0.004819237590523798,0.042892881402280654
0.006379325287926155,0.04433579826143067
0.0051059154972447176,0.042516466594847376
0.007476641929361317,0.05216925178915717
0.009097815271319998,0.05431647820287422
0.005563428040419296,0.05161805767262221
0.0018740464115232145,0.056140968511115635
0.005688803082571499,0.05092508975311317
0.004578980188730727,0.045595996696654685
0.008564386091600679,0.0465841465943457
0.009670488812138214,0.05022433825953016
0.011620555610405906,0.051929363395409815
0.004576655856629683,0.05617145572632477
0.0068411399959118525,0.043218863365414736
0.010819818828472112,0.04840980270011806
0.013519759124210846,0.04980153153535854
0.01319914017215067,0.0503983744779883
0.012203655676267971,0.052356851589463384
0.006090061532877742,0.052594494799849865
0.011516419222752315,0.05098496750194834
0.007926624290205759,0.04983674624391322
0.004159246180067581,0.04521592950286224
0.004737422282983195,0.05250443062002608
0.017282730241186175,0.05228388837388598
0.005461606767828544,0.05469715056029578
0.006918982209005941,0.04736218202298891
0.006209861678650909,0.04546408327436178
0.011642736369208342,0.05290916113742663
0.008429941983532826,0.05152287125597098
0.007016200346383073,0.048473822130808635
0.01224059973206564,0.044735475594094354
0.009902152433728696,0.04765760358031088
0.008881036883735517,0.04991720915741549
0.007958016639666108,0.04551570020211836
0.008402888325374796,0.043922017105581544
0.005853400791263697,0.0501830708456573
0.015532266840131358,0.04100309861249264
0.018145329881787558,0.044368501757237756
0.010244571329688864,0.04525532913934113
0.009280723370551837,0.051843937459704524
0.0108882847953982,0.04584531155185454
0.013246766296069414,0.04939974821451936
0.008788334904244393,0.04280367274637662
0.012652055176181473,0.05581753650075109
0.01346681445322871,0.045399999059076004
0.003429787558238412,0.05166732440232317
0.007520699086495499,0.0475817777131647
0.010452898064178465,0.04969344619942346
0.012220145184602455,0.055381632230529144
0.004948126172765046,0.041418506276666905
0.01018196009756829,0.041814883027234996
0.012118095717371925,0.03693839520487759
0.006745699819516199,0.05483365963786549
0.018609368556809194,0.05054196126533299
0.005948580911979562,0.05346626990544864
0.015966053158855183,0.04732326054010965
0.011211084989984847,0.04865860878991741
0.009467716161903195,0.042334143982121195
0.00783034066248266,0.04744739794569312
0.008108847182099114,0.04636155166969403
0.012261841272697438,0.0480269767764797
0.009286240827007323,0.0489222640363417
0.006638326588775854,0.04776916202608933
0.007681643816831292,0.03875686043262706
0.011283805163905957,0.043117465667807005
0.011356031646229562,0.049702692514491865
0.004284775757580427,0.047616073475412114
0.005293954001878156,0.03867522407443113
0.00678548560321942,0.04917899841950001
0.011281732544304209,0.05328564963951272
0.011084448349997441,0.04984026332067755
0.009295301200112382,0.05002312330168587
0.008095849259629912,0.04735981153706905
0.0075396428845337145,0.03860788031788925
0.008144164686720676,0.051102328126764955
0.0019331084055146679,0.05477003066071826
0.007377929295682334,0.04835160701171433
0.00666896154985052,0.0461461258865727
0.01013607110469414,0.05578688817587158
0.007555709364460478,0.052547457409469533
0.007226593894938747,0.04462587500389128
0.008108847182099114,0.04469740929351443
0.006051983223992487,0.04717703845408457
0.011356031646229562,0.04883991087550299
0.01080621020618495,0.04543707719175182
0.013811544188567683,0.05809561327839921
0.009788962036186174,0.04643661536979691
0.020047258375860695,0.053447961045199825
0.005951223969349646,0.05129725843576707
0.010771829520560479,0.04880230319024356
0.01041364061113797,0.04363763020857196
0.00708620090092324,0.04632622712446494
0.010452898064178465,0.0483214350378632
0.013431271308845258,0.04122642524185212
0.00762021884689801,0.05258045653778602
0.014365939106122954,0.048219330835583496
0.008817991143836912,0.055210688216860176
0.010153425258417254,0.04776916202608933
0.00679865507370472,0.05168817835510698
0.013991910955115098,0.04529788479338245
0.004402690522221576,0.044592438661335505
0.014745074222984163,0.04710094451556238
0.003401781049261711,0.04909958902623829
0.008817991143836912,0.050763299212744924
0.017392974519111447,0.045658688035486776
0.007034798595726718,0.05354290312309245
0.014464117810557791,0.04828510890025779
0.01276640607721489,0.048960901057376216
0.0044753101430679565,0.047781806793489215
0.014103328290499997,0.05140553413201515
0.010132998406446308,0.05262828552533518
0.011328572799289838,0.04662015036095888
0.008696906521689779,0.04558768195136081
0.012484799976303189,0.05129725843576707
0.00762021884689801,0.055690483029492054
0.0044051957363585295,0.04844109144710928
0.015656266829864412,0.04680717534259528
0.013070451112894916,0.05032101548817331
0.005965926970704307,0.05420355629752657
0.01452082165276372,0.045077198116615015
0.006486749266300478,0.0491391799264741
0.018562883006106107,0.04379401469163667
0.015059418830860467,0.056652456737221434
0.008919243492582347,0.05154272861115525
0.007016200346383073,0.04848059196733302
0.014469327838335492,0.0487312568869573
0.012397417208014207,0.04738907596270879
0.005201573745169618,0.04356804014770441
0.004986149959924667,0.0439955508382877
0.009087625939994605,0.045658688035486776
0.011341946063544162,0.04520977306503761
0.006314320487344397,0.04610327011602786
0.0100078305302011,0.05180309109324427
0.004931975546669284,0.04369948476542814
0.006850704799700506,0.05172519825790419
0.011856265678549277,0.04784060378803917
0.011459357607017646,0.048618881248044823
0.007367525167478572,0.043255879623656686
0.008144164686720676,0.04734608996333647
0.015886989904798695,0.04388760930877982
0.007435878394633487,0.049921698392916644
0.018343445846074252,0.05390869073633944
0.011568876809557515,0.04529788479338245
0.006528254911024208,0.05117133994021578
0.0036450083673529084,0.04591769090404094
0.014906500735301066,0.050100061690252974
0.005965926970704307,0.0409074313860168
0.007913590030352496,0.05368730350610169
0.023930517002671566,0.03406779867501248
0.009573764193111865,0.04984026332067755
0.014367290772488463,0.0480997332932817
0.01710553579964631,0.045399999059076004
0.01650596909161314,0.04588075473523799
0.004031112684236187,0.044560577123223505
0.013330878161527783,0.053414861832051484
0.005811413391867323,0.05032101548817331
0.010161119832358921,0.04481682857281741
0.015938890762088542,0.05092508975311317
0.009467716161903195,0.04954116303636843
0.009185147030794025,0.049884653304474114
0.013896933573716533,0.04917899841950001
0.013985539996996983,0.04385479568568019
0.004510658062423143,0.04754600188807865
0.006672933232056095,0.039383961736705005
0.00732129382560836,0.05136075092293834
0.003447073291329123,0.04713480443213307
0.005461606767828544,0.04571877287777928
0.004399297854519013,0.04668122724499703
0.012108705326271719,0.04626006798579634
0.008614486185859532,0.048989011725684914
0.014648701616068212,0.037316044754702786
0.0044753101430679565,0.048305867339173594
0.009612604219625395,0.05331924615908846
0.009957370498747805,0.04569102195528857
0.00771369070076127,0.03524030673436147
0.00949500139898162,0.03641552076484889
0.0026786874394094645,0.0430053956078856
0.017670877286141747,0.033481790973305656
0.008286307905194577,0.03468824046411401
0.004415245215683416,0.02674191110116386
0.01650596909161314,0.03332206559521669
0.0108882847953982,0.028984131495474446
0.02747250397403986,0.04904563178424675
0.028377857805350442,0.05115437911442254
0.037607507996418134,0.03845330519121951
0.04728597357323097,0.036888730796751736
0.04232518440510653,0.03622175226944787
0.041587562959299336,0.037412636152254174
0.03414389339270177,0.026808269357052165
0.03488546891803345,0.030102641536936873
0.03998067529499618,0.031514886266475715
0.039926827273084955,0.02478217150418307
0.020999114204446587,0.03271714496475697
0.015301235570236538,0.03498425400998504
0.019891843236269396,0.017805020432921932
0.0351575891252353,0.03040339204264655
0.012465713854406634,0.035580958136904296
0.047711469987271264,0.04093378526074305
0.051146419729855425,0.005806545257845363
0.055536757322184126,0.00890164926540235
0.054741874737469005,0.0015756399875230815
0.053925829496249654,0.008710191056023709
0.054873964250584495,0.004258115850447089
0.04979987510042623,0.012898667004931969
0.04636550400487091,0.015297662157123823
0.029769056189311097,0.015442173943296356
0.023184914134497914,0.025242517416038883
0.014831187876583,0.04283908180920022
0.052228889143641814,0.060343156826184075
0.06415939606695657,0.0639225909606913
0.05925424022080173,0.061820966693025406
0.05001910733544487,0.057490433897867704
0.05772302256435857,0.06935903129620094
0.0582252017204292,0.059057528829639126
0.05392948050567499,0.05386292512911043
0.056938715956646666,0.06772221789761682
0.024344107774997494,0.061820966693025406
0.016697840150647906,0.07047276919527892
0.006709033989256998,0.058664556397574105
0.015063363567805728,0.06755730068640267
0.009092574598979225,0.06212142966828338
0.007552441592391215,0.06518892865817395
0.01602388886961537,0.06972892534197062
0.028561041934220325,0.06496888047865611
0.014877890571307888,0.06561678239767005
0.013205052737119725,0.058492995211215024
0.022055384414646977,0.06387467028666313
0.012787192632203504,0.059977325263937106
0.008368040971069446,0.06351839349125318
0.009907773450773453,0.05753078373615213
0.00945214695490382,0.06748251253665344
0.009514886010110888,0.07092031232228488
0.003552200885754687,0.05653409942141078
0.015910966596450075,0.06575149848563228
0.006172008674197966,0.07021017902158332
0.0042664352925582145,0.06023880876971004
0.007348082593677224,0.06278344599512155
0.012251749701978145,0.06194374766363901
0.008762727849820804,0.06727937098039986
0.007089568534012271,0.0669311650897209
0.007861038570221282,0.06435550375450526
0.004633146727358008,0.06126299732465011
0.00887583841948855,0.05976519517593525
0.005023931024074939,0.05582846807976068
0.005446188200560386,0.05635479581678529
0.0037266383773725794,0.05852607228323997
0.004734656823055124,0.05167912315915334
0.006376440776852738,0.04583275559654345
0.008704587839249324,0.04024780880443792
0.010200018585344549,0.039938835805900394
0.02509392886735765,0.037854045525126986
